tick,seed,objective,solar_output_mw,wind_output_mw,total_demand_mw,electricity_price_per_mwh,battery_1_soc_pct_before,battery_2_soc_pct_before,battery_1_soc_pct_after,battery_2_soc_pct_after,market_action,market_amount_mw,battery_1_action,battery_1_amount_mw,battery_2_action,battery_2_amount_mw,curtail_solar_mw,curtail_wind_mw,applied_floor_pct,mode,raw_verdict,applied_verdict,failing_rules,sold_mw,bought_mw,charged_mw,discharged_mw,curtailed_mw,unserved_mw,cost,revenue,profit,emissions_tonnes,renewable_utilisation_pct
1,100,none,0.0,45.0,110.0,42.0,45.0,50.0,38.75,44.0,buy,49.0,discharge,10.0,discharge,6.0,0.0,0.0,25.0,agent,pass,pass,,0.0,49.0,0,16.0,0.0,0.0,540.2,0.0,-699.8,6.738,100.0
2,101,none,0.0,38.0,103.0,40.0,42.0,48.0,35.75,48.0,buy,55.0,discharge,10.0,hold,0.0,0.0,0.0,25.0,agent,flagged,flagged,rule_8b,0.0,55.0,0,10.0,0.0,0.0,577.5,0.0,-672.5,7.563,100.0
3,102,none,0.0,20.0,116.0,55.0,55.0,55.0,48.75,49.0,buy,80.0,discharge,10.0,discharge,6.0,0.0,0.0,45.0,agent,pass,pass,,0.0,80.0,0,16.0,0.0,0.0,1155.0,0.0,-1364.0,10.0,100.0
4,103,min_carbon,20.0,28.0,123.0,28.0,50.0,52.0,43.75,46.0,buy,59.0,discharge,10.0,discharge,6.0,0.0,0.0,25.0,agent,pass,pass,,0.0,59.0,0,16.0,0.0,0.0,433.6,0.0,-540.0,12.537,100.0
5,104,max_profit,85.0,30.0,80.0,45.0,50.0,50.0,55.75,55.4,sell,12.0,charge,10.0,charge,6.0,7.0,0.0,25.0,agent,pass,pass,,12.0,0.0,16.0,0,7.0,0.0,0.0,128.2,284.2,0.0,93.9
6,105,none,100.0,28.0,84.0,38.0,50.0,50.0,55.75,55.4,sell,12.0,charge,10.0,charge,6.0,16.0,0.0,25.0,agent,pass,pass,,12.0,0.0,16.0,0,16.0,0.0,0.0,108.3,240.1,0.0,87.5
7,106,max_renewable_utilisation,105.0,22.0,87.0,36.0,50.0,50.0,55.75,55.4,sell,12.0,charge,10.0,charge,6.0,12.0,0.0,25.0,agent,pass,pass,,12.0,0.0,16.0,0,12.0,0.0,0.0,102.6,227.4,0.0,90.6
8,107,max_profit,90.0,18.0,140.0,165.0,85.0,80.0,78.75,74.0,buy,16.0,discharge,10.0,discharge,6.0,0.0,0.0,35.0,agent,flagged,flagged,rule_8c,0.0,16.0,0,16.0,0.0,0.0,693.0,0.0,-1320.0,1.8,100.0
9,108,cost_efficiency,50.0,20.0,157.0,190.0,65.0,60.0,58.75,54.0,buy,71.0,discharge,10.0,discharge,6.0,0.0,0.0,25.0,agent,flagged,flagged,rule_8b,0.0,71.0,0,16.0,0.0,0.0,3541.1,0.0,-4263.1,5.68,100.0
10,109,none,5.0,32.0,174.0,72.0,55.0,50.0,48.75,44.0,buy,121.0,discharge,10.0,discharge,6.0,0.0,0.0,25.0,agent,pass,pass,,0.0,121.0,0,16.0,0.0,0.0,2286.9,0.0,-2560.5,18.15,100.0
11,110,none,0.0,35.0,177.0,68.0,38.0,35.0,31.75,29.0,buy,126.0,discharge,10.0,discharge,6.0,0.0,0.0,25.0,agent,pass,pass,,0.0,126.0,0,16.0,0.0,0.0,2249.1,0.0,-2507.5,18.9,100.0
12,111,none,0.0,38.0,146.0,52.0,30.0,28.0,25.0,25.0,buy,97.0,discharge,8.0,discharge,3.0,0.0,0.0,25.0,agent,pass,pass,,0.0,97.0,0,11.0,0.0,0.0,1324.0,0.0,-1459.8,14.065,100.0
