tick,seed,profile,objective,raw_verdict,applied_verdict,rules_fired,repaired,unserved_mw,applied_floor_pct,volatility_class,na_rule9,margin_infeasible
1,20261004,stable_day,cost_efficiency,pass,pass,,False,0.0,25.0,stable,True,False
2,20261005,stable_day,cost_efficiency,pass,pass,,False,0.0,25.0,stable,True,False
3,20261006,stable_day,cost_efficiency,pass,pass,,False,0.0,25.0,stable,True,False
4,20261104,stable_day,min_carbon,pass,pass,,False,0.0,25.0,stable,True,False
5,20261105,stable_day,min_carbon,pass,pass,,False,0.0,25.0,stable,True,False
6,20261106,stable_day,min_carbon,pass,pass,,False,0.0,25.0,stable,True,False
7,20261204,stable_day,max_renewable_utilisation,pass,pass,,False,0.0,25.0,stable,False,False
8,20261205,stable_day,max_renewable_utilisation,pass,pass,,False,0.0,25.0,stable,False,False
9,20261206,stable_day,max_renewable_utilisation,pass,pass,,False,0.0,25.0,stable,False,False
10,20261304,stable_day,max_profit,flagged,flagged,rule_9,False,0.0,25.0,stable,False,False
11,20261305,stable_day,max_profit,flagged,flagged,rule_9,False,0.0,25.0,stable,False,False
12,20261306,stable_day,max_profit,flagged,flagged,rule_9,False,0.0,25.0,stable,False,False
13,20271004,cloudy_afternoon,cost_efficiency,pass,pass,,False,0.0,25.0,stable,False,False
14,20271005,cloudy_afternoon,cost_efficiency,pass,pass,,False,0.0,25.0,stable,False,False
15,20271006,cloudy_afternoon,cost_efficiency,pass,pass,,False,0.0,25.0,stable,False,False
16,20271104,cloudy_afternoon,min_carbon,pass,pass,,False,0.0,25.0,stable,False,False
17,20271105,cloudy_afternoon,min_carbon,pass,pass,,False,0.0,25.0,stable,False,False
18,20271106,cloudy_afternoon,min_carbon,pass,pass,,False,0.0,25.0,stable,False,False
19,20271204,cloudy_afternoon,max_renewable_utilisation,pass,pass,,False,0.0,25.0,stable,True,False
20,20271205,cloudy_afternoon,max_renewable_utilisation,pass,pass,,False,0.0,25.0,stable,True,False
21,20271206,cloudy_afternoon,max_renewable_utilisation,pass,pass,,False,0.0,25.0,stable,True,False
22,20271304,cloudy_afternoon,max_profit,pass,pass,,False,0.0,25.0,stable,True,False
23,20271305,cloudy_afternoon,max_profit,pass,pass,,False,0.0,25.0,stable,True,False
24,20271306,cloudy_afternoon,max_profit,flagged,flagged,rule_9,False,0.0,25.0,stable,False,False
25,20281004,price_spike,cost_efficiency,pass,pass,,False,0.0,35.0,some_volatility,True,False
26,20281005,price_spike,cost_efficiency,pass,pass,,False,0.0,35.0,some_volatility,False,False
27,20281006,price_spike,cost_efficiency,flagged,flagged,rule_5,False,0.0,35.0,some_volatility,True,False
28,20281104,price_spike,min_carbon,pass,pass,,False,0.0,35.0,some_volatility,True,False
29,20281105,price_spike,min_carbon,pass,pass,,False,0.0,35.0,some_volatility,True,False
30,20281106,price_spike,min_carbon,pass,pass,,False,0.0,35.0,some_volatility,True,False
31,20281204,price_spike,max_renewable_utilisation,pass,pass,,False,0.0,30.0,some_volatility,True,False
32,20281205,price_spike,max_renewable_utilisation,flagged,flagged,rule_8b,False,0.0,25.0,some_volatility,False,False
33,20281206,price_spike,max_renewable_utilisation,pass,pass,,False,0.0,30.0,some_volatility,True,False
34,20281304,price_spike,max_profit,flagged,flagged,rule_5;rule_9,False,0.0,35.0,some_volatility,False,False
35,20281305,price_spike,max_profit,flagged,flagged,rule_5;rule_9,False,0.0,30.0,some_volatility,False,False
36,20281306,price_spike,max_profit,flagged,flagged,rule_5;rule_9,False,0.0,35.0,some_volatility,False,False
37,20291004,multi_failure_cascade,cost_efficiency,pass,pass,,False,0.0,45.0,heavy_volatility,False,True
38,20291005,multi_failure_cascade,cost_efficiency,fail,fail,rule_3;rule_10,True,3.7,45.0,heavy_volatility,True,False
39,20291006,multi_failure_cascade,cost_efficiency,pass,pass,,False,0.0,45.0,heavy_volatility,False,False
40,20291104,multi_failure_cascade,min_carbon,pass,pass,,True,0.1,50.0,heavy_volatility,True,True
41,20291105,multi_failure_cascade,min_carbon,pass,pass,,False,0.0,55.0,heavy_volatility,True,True
42,20291106,multi_failure_cascade,min_carbon,pass,pass,,False,0.0,50.0,heavy_volatility,True,True
43,20291204,multi_failure_cascade,max_renewable_utilisation,pass,pass,,False,0.0,45.0,heavy_volatility,True,True
44,20291205,multi_failure_cascade,max_renewable_utilisation,pass,pass,,False,0.0,45.0,heavy_volatility,True,True
45,20291206,multi_failure_cascade,max_renewable_utilisation,pass,pass,,False,0.0,50.0,heavy_volatility,True,True
46,20291304,multi_failure_cascade,max_profit,pass,pass,,False,0.0,45.0,heavy_volatility,True,True
47,20291305,multi_failure_cascade,max_profit,pass,pass,,False,0.0,45.0,heavy_volatility,False,True
48,20291306,multi_failure_cascade,max_profit,pass,pass,,False,0.0,45.0,heavy_volatility,False,True
49,20301004,surplus_day,cost_efficiency,pass,pass,,False,0.0,25.0,stable,True,False
50,20301005,surplus_day,cost_efficiency,pass,pass,,False,0.0,25.0,stable,True,False
51,20301006,surplus_day,cost_efficiency,pass,pass,,False,0.0,25.0,stable,True,False
52,20301104,surplus_day,min_carbon,pass,pass,,False,0.0,25.0,stable,True,False
53,20301105,surplus_day,min_carbon,pass,pass,,False,0.0,25.0,stable,True,False
54,20301106,surplus_day,min_carbon,pass,pass,,False,0.0,25.0,stable,True,False
55,20301204,surplus_day,max_renewable_utilisation,fail,fail,rule_6;rule_9;rule_10,True,0.0,25.0,stable,False,False
56,20301205,surplus_day,max_renewable_utilisation,pass,pass,,False,0.0,25.0,stable,False,False
57,20301206,surplus_day,max_renewable_utilisation,pass,pass,,False,0.0,25.0,stable,False,False
58,20301304,surplus_day,max_profit,flagged,flagged,rule_9,False,0.0,25.0,stable,False,False
59,20301305,surplus_day,max_profit,flagged,flagged,rule_9,False,0.0,25.0,stable,False,False
60,20301306,surplus_day,max_profit,flagged,flagged,rule_9,False,0.0,25.0,stable,False,False
61,20311004,shortfall_day,cost_efficiency,pass,pass,,False,0.0,25.0,stable,False,False
62,20311005,shortfall_day,cost_efficiency,pass,pass,,False,0.0,25.0,stable,False,False
63,20311006,shortfall_day,cost_efficiency,flagged,flagged,rule_2b;rule_9,False,0.0,25.0,stable,False,False
64,20311104,shortfall_day,min_carbon,flagged,flagged,rule_9,False,0.0,25.0,stable,False,False
65,20311105,shortfall_day,min_carbon,pass,pass,,False,0.0,25.0,stable,False,False
66,20311106,shortfall_day,min_carbon,pass,pass,,False,0.0,25.0,stable,False,False
67,20311204,shortfall_day,max_renewable_utilisation,pass,pass,,False,0.0,25.0,stable,True,False
68,20311205,shortfall_day,max_renewable_utilisation,pass,pass,,False,0.0,25.0,stable,True,False
69,20311206,shortfall_day,max_renewable_utilisation,pass,pass,,False,0.0,25.0,stable,True,False
70,20311304,shortfall_day,max_profit,flagged,flagged,rule_2b;rule_9,False,0.0,25.0,stable,False,False
71,20311305,shortfall_day,max_profit,flagged,flagged,rule_9,False,0.0,25.0,stable,False,False
72,20311306,shortfall_day,max_profit,pass,pass,,False,0.0,25.0,stable,False,False
